Brand,Model,Offers,Price (Queen),Mattress Type,Height,Weight,Firmness,Sleep Trial
Nectar,Nectar Mattress,BUY NOW,799,Foam,"11""",74 lbs,6.5,365 nights
Saatva,Saatva Mattress,$100 OFF,1199,Innerspring,"11.5, 14.45",120 lbs,"4, 6, 7.5",120 nights
Brooklyn Bedding,Brooklyn Signature,20% OFF,949,Hybrid,"10""",100 lbs,"3.5, 5, 7.5",120 nights
Brooklyn Bedding,Brooklyn Aurora,20% OFF,1699,Hybrid,"13.5""",110 lbs,"3.5, 5, 7.5",120 nights
Winkbeds,WinkBed,$200 OFF,1299,Innerspring,"14.5""",135 lbs.,"4.5, 6, 7.5",120 nights
Casper,Casper,$100 OFF,995,Foam,"9.5""",71 lbs,5.5,100 nights
DreamCloud,DreamCloud Mattress,$200 OFF,999,Hybrid,"15""",94 lbs,6.5,365 nights
Bear,Bear Hybrid,20% OFF,1390,Hybrid,"14.5""",110 lbs,6,100 nights
Loom & Leaf,Loom & Leaf Mattress,$100 OFF,1499,Foam,"12""",93 lbs,"5.5, 8",120 nights
Leesa,Leesa Mattress,15% OFF,999,Foam,"10""",71 lbs,5,100 nights
Layla,Layla Mattress,$110 OFF,999,Foam,"10""",N/A,"4, 7",120 nights
Purple,Purple Mattress,BUY NOW,999,Foam,"9.5""",110 lbs,6.5,100 nights
Leesa,Leesa Hybrid Mattress,$235 OFF,1599,Hybrid,"11""",115 lbs,6.5,100 nights
Zenhaven,Zenhaven Mattress,$100 OFF,1899,Latex,"10""",125 lbs,"4, 7",120 nights
Bear,Bear Mattress,20% OFF,840,Foam,"10""",70 lbs,5.5,100 nights
Tuft & Needle,T&N Hybrid,BUY NOW,1495,Hybrid,"12""",112 lbs.,6,100 night
Awara,Awara Mattress,$200 OFF,1299,Hybrid,"13""",N/A,6,365 nights
Saatva,Solaire,$200 OFF,$2695*,Airbed,"13.5""",114 lbs,7-Mar,120 nights
Propel,Propel Mattress,20% OFF,999,Hybrid,"11.5""",105 lbs.,5.5,120 nights
Winkbeds,MemoryLux,$200 OFF,1599,Foam,"12""",77 lbs,"4,5,7",120 nights
Winkbeds,EcoCloud,$200 OFF,1799,Hybrid,"13""",117 lbs,5,120 nights
Allswell,Allswell Supreme,15% OFF,985,Hybrid,"14""",92 lbs.,5.5,100 nights
Bear,Bear Pro,20% OFF,1150,Foam,"12""",80 lbs.,6.5,100 nights
Plushbeds,Botanical Bliss,$50 OFF,$1499*,Latex,"9""-12""",100-109 lbs,"5.5, 7.5",100 nights
Nolah,Nolah Original,$125 OFF,949,Foam,"10""",74 lbs,5.5,120 nights
Novosbed,Novosbed,BUY NOW,999,Foam,"11""",92-98 lbs,"3.5, 5, 6.5",120 nights
Casper,Wave Hybrid,$200 OFF,2695,Hybrid,"13""",113 lbs.,4.5,100 nights
Casper,Casper Hybrid,$100 OFF,1195,Hybrid,"12""",106 lbs.,5.5,100 nights
Helix Sleep,Helix LUXE,$75 OFF,1620,Hybrid,"14""",120+ lbs (Queen),Varies,100 nights
Helix Sleep,Helix Nightfall,$75 OFF,1115,Hybrid,"12""",100+ lbs (Queen),6,100 nights
Helix Sleep,Helix Twilight,$75 OFF,899,Hybrid,"12""",90-100 lbs (Queen),7,100 nights
Helix Sleep,Helix Dawn,$75 OFF,899,Hybrid,"12""",90-100 lbs (Queen),7,100 nights
Helix Sleep,Helix Dusk,$75 OFF,899,Hybrid,"12""",90-100 lbs (Queen),5.5,100 nights
Helix Sleep,Helix Moonlight,$75 OFF,899,Hybrid,"12""",90-100 lbs (Queen),3.5,100 nights
Tempur-Pedic,TEMPUR-ProAdapt,BUY NOW,2999,Foam,"12""",100 lbs.,"3,5,7",90 nights
Parachute,Parachute Mattress,BUY NOW,1899,Hybrid,"13""",,6.5,90 nights
Brunswick,Brunswick Spring Mattress,BUY NOW,749,Hybrid,"12""",79 lbs.,6,120 nights
Recore,Recore,BUY NOW,849,Latex,"10.5""",92-98 lbs.,6,120 nights
Helix Sleep,Helix Midnight,$75 OFF,899,Hybrid,"12""",90-100 lbs (Queen),5.5,100 nights
Tempur-Pedic,TEMPUR-Adapt,BUY NOW,2199,Foam,"11""",79 lbs.,5,90 nights
Titan,Titan,20% OFF,999,Hybrid,"11""",110 lbs.,8,120 nights
Plank,Plank,20% OFF,999,Foam,"11.5""",70 lbs.,"7 (Side 1), 9 (Side 2)",120 nights
Brooklyn Bedding,Brooklyn Bowery Hybrid,20% OFF,799,Hybrid,"10""",,6.5,100 nights
Brooklyn Bedding,Brooklyn Bloom Hybrid,20% OFF,1799,Hybrid,"12""",,"3.5, 5, 7.5",100 nights
Brooklyn Bedding,Brooklyn Spartan,20% OFF,1999,Hybrid,"13.5""",,"3.5, 5, 7.5",100 nights
Douglas,Douglas Mattress,BUY NOW,749,Foam,"10""",65 lbs,6,120 nights
Level Sleep,Level Sleep Mattress,$225 OFF,1199,Foam,"11""",76 lbs,"3,5.5,7",365 nights
Tuft & Needle,Mint Mattress,BUY NOW,795,Foam,"12""",80 lbs,6,100 nights
My Green Mattress,Natural Escape,$125 OFF,$1199*,Hybrid,"11""",110 lbs.,6,100 nights
My Green Mattress,Pure Echo (1 and 2 sided),$125 OFF,$779*,Innerspring,"9.75-11""",85-90 lbs.,"5 (2-sided only), 7",100 nights
Allswell,Allswell Luxe Hybrid,15% OFF,645,Hybrid,"12""",90 lbs,6.5,100 nights
Allswell,The Allswell,15% OFF,345,Hybrid,"10""",78 lbs,6,100 nights
Sleep On Latex,Pure Green Standard,BUY NOW,795,Latex,"9""",115-145 lbs,"3.5, 5.5, 7.5",100 nights
Purple,Purple Hybrid,BUY NOW,1449,Hybrid,"11""",122 lbs,6.5,100 nights
Purple,Hybrid Premier,BUY NOW,2199,Hybrid,"12"" or 13""",145-168 lbs,"4.5,5.5",101 nights
Eco Terra,Eco Terra Mattress,BUY NOW,899,Hybrid,"11""",100 lbs,"5, 6.5",90 nights
Latex For Less,Latex For Less Mattress,BUY NOW,$799*,Latex,"7"" or 9""",100 lbs,"5, 7.5",120 nights
Logan & Cove,Logan & Cove by Novosbed,BUY NOW,999,Hybrid,"14""",95 lbs,"4.5, 6.5",120 nights
Winkbeds,WinkBed PLUS,$200 OFF,1499,Hybrid,"14.5""",135 lbs.,8,120 nights
Brooklyn Bedding,Brooklyn Bowery,20% OFF,699,Foam,"10""",110 lbs,5.5,120 nights
Puffy,Puffy,$300 OFF,850,Foam,"10""",72 lbs,5,101 nights
Big Fig,Big Fig Mattress,$100 OFF,1699,Hybrid,"13""",120 lbs,6.5,120 Nights
Casper,Casper Essential,BUY NOW,595,Foam,"11""",63 lbs,6,100 nights
Eight,The Pod,$50 OFF,2195,Foam,"11""",N/A,5.5,100 nights
Avocado Green Mattress,Avocado Green,$150 OFF,$1399*,Hybrid,"11"" (no pillow-top), 13"" (pillow-top)","97 lbs. (no pillow-top), 137 lbs. (pillow-top)","5, 6.5",365 nights
Casper,Casper Wave,$200 OFF,2395,Foam,"11.5""",109 lbs,4.5,100 nights
Rest,Airbed,BUY NOW,3999,Airbed,"12""",N/A,Varies (Adjustable),90 nights
2920 Sleep,2920 Mattress,BUY NOW,$1095*,Foam,"10""",73 lbs,5,100 nights
Aireloom,Aspire,BUY NOW,N/A,Hybrid,N/A,N/A,,N/A
Aireloom,Preferred,BUY NOW,N/A,Hybrid,N/A,N/A,,N/A
Aireloom,Rip Van Winkle,BUY NOW,N/A,Hybrid,N/A,N/A,,N/A
Aireloom,Synchronized Support,BUY NOW,N/A,Hybrid,N/A,N/A,,N/A
Airweave,Fiber,BUY NOW,1200,Fiber,"8.5""",77 lbs,7.5,60 nights
Airweave,airweave Mattress Advanced,BUY NOW,1455,Foam,"8.5""",69 lbs,"Side 1: 8
Side 2: 4",100 nights
Amazonbasics,AmazonBasics Mattress,BUY NOW,200,Foam,"8-12""",47-64 lbs.,4,30 nights
Ameena by US-Mattress.com,,BUY NOW,800,Foam,"10""",65 lbs,6,120 nights
Amerisleep,AS1,$250 OFF,1199,Foam,"10""",N/A,7.5,100 nights
Amerisleep,AS2,$250 OFF,1299,Foam,"12""",N/A,6.5,100 nights
Amerisleep,AS3,$250 OFF,1399,Foam,"12""",88 lbs.,5.5,100 nights
Amerisleep,AS3 Hybrid,BUY NOW,1399,Hybrid,"12""",104 lbs (Queen),5.5,100 nights
Amerisleep,AS4,$250 OFF,1699,Foam,"12""",N/A,4.5,100 nights
Amerisleep,AS5,$250 OFF,2099,Foam,"14""",N/A,3.5,100 nights
Amore Beds,Amore Bed,$150 OFF,925,Hybrid,"12""",75 lbs,"4,5.5,7",100 nights
Apollo,Apollo,BUY NOW,1249,Foam,"12""",83 lbs (Queen),5,120 Nights
Aslan,Aslan Mattress,BUY NOW,699,Foam,"10""",65 lbs.,6.5,365 nights
Aviya,,BUY NOW,1099,Innerspring,"12""",100 lbs,"4, 6, 7.5",100 nights
Avocado Green Mattress,Avocado Vegan Mattress,$100 OFF,$1399*,Hybrid,"11"" (no pillow-top), 13"" (pillow-top)","97 lbs. (no pillow-top), 137 lbs. (pillow-top)","5, 6.5",100 nights
Beautyrest Black,Beautyrest Black + Cooling,BUY NOW,2699,Hybrid,"13.75""",,5.5,100 nights
Beautyrest Black,Beautyrest Black + Cooling + Comfort,BUY NOW,2899,Hybrid,"16""",,4,100 nights
Beautyrest Black,Beautyrest Hybrid,BUY NOW,1299,Hybrid,"13.5""",,6.5,100 nights
BedInABox,Azul,BUY NOW,1099,Foam,"11""",90 lbs,4.5,120 nights
BedInABox,Pacbed Lite,BUY NOW,699,Foam,"9""",51 lbs,6.5,120 nights
BedInABox,Pacbed Original,BUY NOW,879,Foam,"11""",90 lbs,5.5,120 nights
BedInABox,Serenity,BUY NOW,1899,Foam,"13""",101 lbs,3.5,120 nights
BedInABox,Silk Symphony,BUY NOW,1599,Foam,"14""",105 lbs,"4, 7",120 nights
BedInABox,Tranquility,BUY NOW,1299,Foam,"11""",90 lbs,7.5,120 nights
Birch,Birch Mattress,$200 OFF,1499,Hybrid,"11""",,6.5,100 nights
Bob-O-Pedic,6,BUY NOW,N/A,Foam,"6""",N/A,,None
Bob-O-Pedic,9 Gel,BUY NOW,399,Foam,"9""",N/A,,None
Bob-O-Pedic,9 Hybrid,BUY NOW,399,Hybrid,"9""",N/A,,None
Bob-O-Pedic,Cirrus Gel,BUY NOW,599,Foam,"10""",N/A,,None
Bob-O-Pedic,Gel,BUY NOW,799,Foam,"12""",N/A,,None
Bob-O-Pedic,Hybrid,BUY NOW,799,Hybrid,"11""",N/A,5,None
Bob-O-Pedic,MyBobGel,BUY NOW,1099,Foam,"14""",N/A,,None
Bob-O-Pedic,Bob-O-Pedic Sky,BUY NOW,699,Foam,"11.5""",N/A,,None
Boll & Branch,The Mattress,BUY NOW,2500,Hybrid,"13.5""",110 lbs.,6,100 nights
Brentwood Home,Avalon,BUY NOW,795,Innerspring,"10""",54 lbs,3,120 nights
Brentwood Home,Coronado,BUY NOW,995,Foam,"14""",96 lbs,4,120 nights
Brentwood Home,Del Mar,BUY NOW,995,Innerspring,"12""",106 lbs,4.5,120 nights
Brentwood Home,Palmetto,BUY NOW,1149,Latex,"13""",106 lbs,7,120 nights
Brentwood Home,Solano,BUY NOW,949,Latex,"10""",99 lbs,8,120 nights
Brentwood Home,Cedar,15% OFF,2899,Hybrid,"15""",135 lbs,5,120 nights
Brentwood Home,Crystal Cove Mattress,15% OFF,1295,Hybrid,"13""",128 lbs.,"4.5, 6.5",365 nights
Brentwood Home,Cypress,15% OFF,$500*,Foam,"11""-13""",Varies,"5, 7",120 nights
Brentwood Home,Cypress Hybrid,15% OFF,799,Hybrid,"11""-13""",Varies,"5,7",120 nights
Brentwood Home,Mirador,BUY NOW,1649,Latex,"15""",113 lbs,3,120 nights
Brentwood Home,Oceano,15% OFF,1495,Hybrid,"14.5""",135 lbs,6,120 nights
Brentwood Home,Ojai,15% OFF,1195,Hybrid,"12""",89 lbs,6,120 nights
Brentwood Home,Sequoia,BUY NOW,1495,Latex,"14""",103 lbs,6,120 nights
Brentwood Home,Sierra,BUY NOW,795,Foam,"10""",89 lbs,5,120 nights
Casper,The Casper Element,BUY NOW,595,Foam,"11""",,6,100 nights
Casper,The Casper Nova,BUY NOW,1795,Foam,"12""",,4,100 nights
Casper,The Casper Nova Hybrid,200,1995,Hybrid,"12""",89 lbs (Queen),4,100 nights
Casper,The Casper Snug,BUY NOW,495,Foam,"8.5""",73 lbs (Queen),7,100 nights
Charles P. Rogers,St. Regis/St Regis Pulse Latex,BUY NOW,$927*,Hybrid,"13.5""",120 lbs,"5,6",30 nights
Charles P. Rogers,Powercore Estate,BUY NOW,$1519*,Hybrid,"13.5""-15.5""",112 lbs,"4, 5.5, 6",30 nights
Charles P. Rogers,Powercore Nano,BUY NOW,$1999*,Hybrid,"14.25""-15.75""",115 lbs,"4.5, 5",30 nights
Classic Brands,Innerspring,BUY NOW,N/A,Innerspring,"7""-10""",N/A,,None
Classic Brands,Hybrid,BUY NOW,N/A,Hybrid,"10.5""-14""",55-106 lbs (80.5 avg),,None
Classic Brands,Latex,BUY NOW,N/A,Latex,"11""",85 lbs,,None
Classic Brands,Memory Foam,BUY NOW,N/A,Foam,"6""-12""",45-92 lbs,,None
Cocoon by Sealy,Cocoon Chill,$100 OFF,849,Foam,"10""",64.4 lbs,"4, 6",100 nights
Cocoon by Sealy,Cocoon Classic,$100 OFF,799,Foam,"10""",64.4lbs,"4, 6",100 nights
Comfortaire,Genesis,BUY NOW,$1299*,Air,"10""-13""",N/A,,100 nights
Corsicana,Foam,BUY NOW,356,Foam,"8.5""",85lbs,,N/A
Corsicana,Coil,BUY NOW,$363*,Coil,"9.5""-15""",Varies,,N/A
Craft,Craft Mattress,BUY NOW,1400,Foam,"13.5""",130 lbs.,Multiple firmness options,100 nights
Craftmatic,,$50 OFF,N/A,Innersping,N/A,Varies,,30 nights
Craftmatic,Memory Foam,$50 OFF,N/A,Foam,"8-12""",Varies,,30 nights
Crave,"Luxury Firm Firm Foam, Medium Firm Foam",$50 OFF,$595*,Foam,"10""-12""",N/A,,100 nights
Crave,"Ultra Plush Hybrid Innerspring, Luxury Firm Hybrid Innerspring",$50 OFF,$950*,Hybrid,"9""-10""",N/A,,100 nights
Denver Mattress,Innerspring,BUY NOW,$250*,Innerspring,"7.5""-13""",Varies,"4,5.5,6.5,7.5",365 nights
Denver Mattress,Hybrid,BUY NOW,$300*,Hybrid,"11.5"" - 14""",Varies,"4,5.5,6.5,7.7.5",365 nights
Denver Mattress,Latex,BUY NOW,$2800*,Latex,"8"" - 10.5""",Varies,"4, 5.5, 6.5",365 nights
Diamond Mattress,Intention Hybrid,BUY NOW,1399,Hybrid,"14""",80 lbs (Queen),5,120 Nights
Diamond Mattress,CoolTouch Classic,BUY NOW,N/A,Foam,"8""-12""",Varies,,None
Diamond Mattress,CoolTouch Gel,BUY NOW,N/A,Foam,"10.5""-14.5""",Varies,,None
Diamond Mattress,Ethos Natural,BUY NOW,N/A,Foam,"10.5""-13""",Varies,,None
Diamond Mattress,Ethos Hybrid,BUY NOW,N/A,Hybrid,"13""-18""",Varies,,None
Dormeo,,BUY NOW,N/A,Foam,"10""-15.5""",N/A,,N/A
Doze,,BUY NOW,750,Foam,"10""",80 lbs,7,75 nights
Dreamfoam Bedding,Arctic Dreams,$50 OFF,$229*,Foam,"8-12""",Varies,,90 nights
Dreamfoam Bedding,Latex,$50 OFF,$599*,Latex,"10-14""",Varies,,90 nights
Dreamfoam Bedding,Memory Foam,$50 OFF,$499*,Foam,"10-13""",Varies,,90 nights
Dromma,,BUY NOW,924,Latex,"12""",95 lbs,"4.5, 6",200 nights
Duxiana,1001,BUY NOW,$3445*,Hybrid,"12.75""",N/A,,None
Duxiana,3003,BUY NOW,$4445*,Hybrid,"16""",N/A,,None
Duxiana,6006,BUY NOW,$6020*,Hybrid,"20""",N/A,,None
Duxiana,8008,BUY NOW,$7590*,Hybrid,"20""",N/A,,None
Easy Rest,Classic,$50 OFF,N/A,Innerspring,"8""",N/A,,N/A
Easy Rest,Economy,$50 OFF,N/A,Foam,"4""",N/A,,N/A
Easy Rest,Harmony,$50 OFF,N/A,Innerspring,"13""",N/A,,N/A
Easy Rest,Platinum,$50 OFF,N/A,Innerspring,"12""",N/A,,N/A
Easy Rest,Premier,$50 OFF,N/A,Innerspring,"11""",N/A,,N/A
Eclipse,,$50 OFF,N/A,Innerspring,Varies,N/A,,N/A
Ecosa,Ecosa Mattress,BUY NOW,730,Foam,"10""",77 lbs.,"5,6,7",100 nights
Ecosleep,EcoSleep Hybrid,20% OFF,1249,Hybrid,"11.5""",110 lbs.,"Side 1: 6, Side 2: 7",120 nights
Eight,Saturn,$50 OFF,599,Foam,"10""",N/A,6.5,100 nights
Eight,Smart Bed,$50 OFF,995,Foam,"10""",80 lbs.,6.5,100 nights
Eight,Venus+,$50 OFF,1449,Hybrid,"11""",N/A,4.5,100 nights
eLuxury,"10"" Gel Memory Foam",BUY NOW,544,Foam,"10""",75 lbs,6.5,120 nights
eLuxury,"12"" Latex and Memory Foam Hybrid",BUY NOW,1000,Foam,"12""",96 lbs,5.5,120 nights
Emma,Emma Mattress,30% OFF,899,Foam,"12""",58 lbs.,6,100 nights
Endy,Endy Mattress,$50 OFF,850,Foam,"10""",70 lbs,6,100 nights
Englander,ViscoPedic,BUY NOW,$900*,Foam,"9-12""",NA,,None
Englander,E-gel,BUY NOW,N/A,Foam,N/A,N/A,N/A,None
Englander,Hotel E Collection,BUY NOW,N/A,Innerspring,N/A,N/A,N/A,None
Englander,Hybrid,BUY NOW,N/A,Foam,N/A,N/A,N/A,None
Englander,Nature's Finest,BUY NOW,$2100*,Latex,"10""",38 lbs,,None
Englander,Tension Ease,BUY NOW,N/A,Innerspring,N/A,N/A,N/A,None
Essentia,Beausommet,BUY NOW,5522,Latex,"8""",N/A,6.5,60 nights
Essentia,Energie Opus,BUY NOW,4350,Latex,"8""",N/A,5,60 nights
Essentia,Stratami,BUY NOW,2871,Latex,"8""",N/A,6.5,60 nights
Essentia,Bionda,BUY NOW,1945,Latex,"8""",N/A,4.5,60 nights
Essentia,Classic 8,BUY NOW,3395,Latex,"8""",N/A,6,60 nights
Essentia,Dormeuse,BUY NOW,5965,Latex,"8""",N/A,4,60 nights
Essentia,Dormeuse Fior,BUY NOW,6526,Latex,"8""",N/A,4,60 nights
Essentia,Tatami,BUY NOW,2449,Latex,"8""",99 lbs.,7,120 nights
Ethan Allen,Contempo,BUY NOW,899,Innerspring,"8""",N/A,,None
Ethan Allen,Signature,BUY NOW,1999,Innerspring,"11.5""",N/A,"3, 4, 7",None
Ethan Allen,Splendor,BUY NOW,2999,Innerspring,"14.5""",N/A,,None
Ethan Allen,Luna,BUY NOW,2999,Foam,"13.5""",N/A,,None
Ethan Allen,Profile,BUY NOW,1999,Foam,"13.5""",N/A,,None
Ethan Allen,Stellar,BUY NOW,1299,Hybrid,"10.5""",N/A,,None
Eve,eve mattress,BUY NOW,899,Foam,"10""",91lbs,6,100 nights
Floyd,Floyd Mattress,BUY NOW,$1095*,Hybrid,"10""",98 lbs,6.5,30 nights
Freya by Brooklyn Bedding,Freya,20% OFF,1999,Hybrid,"13.5""",90 lbs.,5,120 nights
GhostBed,GhostBed,$100 OFF,895,Latex,"11""",89lbs,6,101 nights
GhostBed,GhostBed Flex,$100 OFF,1285,Hybrid,"13""",122 lbs,6,101 nights
GhostBed,GhostBed Luxe,$100 OFF,1375,Foam,"13""",122 lbs,5,101 nights
Hampton & Rhodes,Aruba,BUY NOW,599,Hybrid,"14""",N/A,3.5,100 nights
Hampton & Rhodes,Cool Gel,BUY NOW,499,Foam,"8""",N/A,6,100 nights
Hampton & Rhodes,HR100,BUY NOW,110,Innerspring,"6.5""",N/A,7,100 nights
Hampton & Rhodes,HR200,BUY NOW,210,Innerspring,"7.5""",N/A,6,100 nights
Hampton & Rhodes,HR300,BUY NOW,360,Foam,"9""",N/A,6,100 nights
Hampton & Rhodes,HR320,BUY NOW,410,Innerspring,"10""",N/A,7,100 nights
Hampton & Rhodes,HR340,BUY NOW,360,Innerspring,"10.5""",N/A,6,100 nights
Hampton & Rhodes,HR400,BUY NOW,460,Innerspring,"11.5""",N/A,7,100 nights
Hampton & Rhodes,HR440,BUY NOW,610,Innerspring,"12.5""",N/A,6,100 nights
Hampton & Rhodes,HR500,BUY NOW,510,Foam,"10.75""",N/A,4,100 nights
Hampton & Rhodes,San Martin,BUY NOW,499,Hybrid,"12""",N/A,4,100 nights
Hampton & Rhodes,Trinidad,BUY NOW,369,Hybrid,"10.5""",N/A,6,100 nights
Hampton & Rhodes,Two-Sided,BUY NOW,329,Foam,"10""",N/A,4,100 nights
Happsy,Happsy Mattress,BUY NOW,1399,Hybrid,"10""",103 lbs,"6.5, 4.5",120 nights
Helix Sleep,Helix Dawn Luxe,$125 OFF,1599,Hybrid,"14""",120 lbs (Queen),7,100 nights
Helix Sleep,Helix Dual Balanced,$75 OFF,1115,Hybrid,"10""",90-100 lbs (Queen),"3.5, 7",100 nights
Helix Sleep,Helix Dual Extra,$75 OFF,1115,Hybrid,"10""",90-100 lbs (Queen),"3.5, 7",100 nights
Helix Sleep,Helix Dusk Luxe,$125 OFF,1599,Hybrid,"14""",120 lbs (Queen),5.5,100 nights
Helix Sleep,Helix Midnight Luxe,$125 OFF,1599,Hybrid,"14""",120 lbs (Queen),5.5,100 nights
Helix Sleep,Helix Moonlight Luxe,$125 OFF,1599,Hybrid,"14""",120 lbs (Queen),4,100 nights
Helix Sleep,Helix Sunset,$75 OFF,899,Hybrid,"12""",90-100 lbs (Queen),3.5,100 nights
Helix Sleep,Helix Sunset Luxe,$125 OFF,1599,Hybrid,"14""",120 lbs (Queen),4,100 nights
Helix Sleep,Helix Twilight Luxe,$125 OFF,1599,Hybrid,"14""",120 lbs (Queen),7,100 nights
Hyphen,Hyphen Mattress,BUY NOW,799,Foam,"10""",73 lbs,6,100 nights
Hypnos,,$50 OFF,N/A,Innerspring,Varies,Varies,,N/A
Idle Sleep,IDLE Double Sided Hybrid,$275 OFF,1224,Foam,"14""",130 lbs.,"6, 8",120 nights
Ikea,Hasvag,BUY NOW,199,Innerspring,"8.25""",57lbs,6,None
Ikea,Hasvag,BUY NOW,199,Innerspring,"8.25""",46 lbs,6,365 nights
Ikea,Haugesund,BUY NOW,249,Innerspring,"9.875""",59 lbs 8 oz,"6, 8",365 nights
Ikea,Haugsvar,BUY NOW,399,Innerspring,"11""",83 lbs 12 oz,"5.5, 7.5",365 nights
Ikea,Hesstun,BUY NOW,499,Innerspring,"12.625""",99 lbs 3 oz.,"5, 8",365 nights
Ikea,Hjellestad,BUY NOW,699,Hybrid,"15.375""",97 lbs 13 oz,5.5,365 nights
Ikea,Holmsbu,BUY NOW,899,Hybrid,"17.75""",134 lbs,7,365 nights
Ikea,Matrand(Latex),BUY NOW,399,Latex,"7.125""",84 lbs,6,365 nights
Ikea,Matrand(Memory Foam),BUY NOW,399,Foam,"7.125""",57 lbs 5 oz,6,365 nights
Ikea,Meistervik,BUY NOW,229,Foam,"4.75""",30lbs 14 Oz,6,365 nights
Ikea,Minnesund,BUY NOW,179,Foam,"3.85""",24 lbs,6,365 nights
Ikea,Morgedal,BUY NOW,299,Foam,"7.1""",46 lbs 5 oz.,"6,8",365 nights
Ikea,Morgongava,BUY NOW,999,Latex,"7.875""",103 lbs,5,365 nights
Ikea,Myrbacka(Latex),BUY NOW,499,Latex,"9.5""",91 lbs,7,365 nights
Ikea,Myrbacka(Memory Foam),BUY NOW,499,Foam,"9.5""",68 lbs,6,365 nights
Intellibed,Numea Azure,BUY NOW,3799,Hybrid,"12""",N/A,6.5,60 Night
Intellibed,Numea Indigo,BUY NOW,5499,Hybrid,"15""",N/A,4.5,60 Night
Intellibed,Numea Sapphire,BUY NOW,4199,Hybrid,"13""",N/A,5.5,60 Night
Jazvin,,BUY NOW,1050,Foam,"11""",83 lbs,,100 nights
Joybed,Joybed LX,BUY NOW,960,Hybrid,"11""",78 lbs.,7,120 nights
Joybed,Joybed LXC,BUY NOW,1090,Hybrid,"12""",96 lbs.,6,120 nights
Joybed,Joybed LXP,BUY NOW,1190,Hybrid,"13""",117 lbs.,4,120 nights
Keetsa,Cloud,BUY NOW,940,Foam,"10""",90 lbs,6.5,90 nights
Keetsa,Pillow Plus,BUY NOW,835,Hybrid,"11""",110 lbs,5.5,90 nights
Keetsa,Plus,BUY NOW,730,Hybrid,"9""",90 lbs,7.5,90 nights
Keetsa,Tea Leaf Classic,BUY NOW,1465,Hybrid,"13""",130 lbs,6.5,90 nights
Keetsa,Tea Leaf Dream,BUY NOW,2310,Hybrid,"14""",150 lbs,4.5,90 nights
Keetsa,Tea Leaf Supreme,BUY NOW,1570,Foam,"12""",120 lbs,4.5,90 nights
King Koil,iMattress,BUY NOW,$1424*,Hybrid and Foam,N/A,N/A,"4, 5.5",None
King Koil,World Edition,BUY NOW,$979*,Foam,"11.5"" to 13""",N/A,"3, 4, 5.5, 7",None
King Koil,World Extended Life,BUY NOW,1999,Hybrid,"13.5""",N/A,"5.5, 7",None
King Koil,World Luxury,BUY NOW,$1482*,Innerspring and Hybrid,"12"" to 14.5""",N/A,"3, 4, 5.5",None
King Koil,World Luxury Intimate,BUY NOW,$2999*,Hybrid,N/A,N/A,"4, 5.5",None
Kingsdown,Intelligent,BUY NOW,N/A,Airbed,N/A,N/A,,None
Kingsdown,Latex,BUY NOW,N/A,Latex,N/A,N/A,,None
Kingsdown,Memory Foam,BUY NOW,N/A,Foam,N/A,N/A,,None
Kingsdown,Hybrid,BUY NOW,N/A,Hybrid,N/A,N/A,,None
Kingsdown,Innerspring,BUY NOW,N/A,Innerspring,N/A,N/A,,None
Kluft,Beyond Luxury,BUY NOW,N/A,Hybrid,N/A,N/A,,N/A
Kluft,Royal Sovereign,BUY NOW,N/A,Hybrid,N/A,N/A,,N/A
Kluft,Royal Sovereign Latex,BUY NOW,N/A,Latex,N/A,N/A,,N/A
Kluft,Signature,BUY NOW,N/A,Hybrid,N/A,N/A,,N/A
Layla,Layla Hybrid,$210 OFF,1599,Hybrid,"13""",115 lbs (Queen),"5, 7",120 nights
Leesa,Leesa Legend,BUY NOW,$2399*,Hybrid,"12""",119 lbs,6.5,100 nights
Linenspa,12-Inch Gel Memory Foam Hybrid,BUY NOW,540,Hybrid,"12""",92 lbs.,3.5,30 nights
Linenspa,6-Inch Innerspring,BUY NOW,175,Innerspring,"6""",78 lbs.,7.5,30 nights
Linenspa,10-Inch Latex Hybrid,BUY NOW,405,Hybrid,"10""",82 lbs.,6.5,30 nights
Linenspa,"8-Inch Memory Foam Hybrid, 10-Inch Memory Foam Hybrid",BUY NOW,$245*,Innerspring,"8"", 10""",60-72 lbs.,"5.5, 6.5",30 nights
Live and Sleep,Live & Sleep Mattress,BUY NOW,799,Foam,"12""",76 lbs,5,100 nights
Lucid,Lucid Hybrid,BUY NOW,$530*,Hybrid,"10-12""",89.5 lbs,"4.5, 6.5",30 nights
Lucid,Lucid Latex,BUY NOW,$550*,Latex,"10""",84 lbs,6.5,30 nights
Lucid,Lucid Latex & Memory Foam,BUY NOW,$900*,Foam,"16""",115 lbs,3.5,30 nights
Lucid,Lucid Memory Foam,BUY NOW,$275*,Foam,"6""-14""",61.5 lbs (avg,3.5-7.5,30 nights
Luft,The Luft Bed,BUY NOW,1099,Hybrid,"13.5""",100-150 lbs.,"4,6,7",100 nights
Lull,Lull Mattress,$150 OFF,800,Foam,"10""",69 lbs,6.5,100 nights
Luma Sleep,All Latex Slumber System,BUY NOW,1995,Latex,"11""",169 lbs.,"3.5,6,7.5",100 nights
Luma Sleep,Hybrid Slumber System,BUY NOW,1695,Hybrid,"14""",148 lbs.,"3.5,6,7.5",100 nights
Luma Sleep,Luma Mattress,BUY NOW,995,Hybrid,"11""",101 lbs.,"3.5,6,7.5",100 nights
Luma Sleep,Natural Latex Hybrid Mattress,BUY NOW,1295,Hybrid,"14""",156 lbs.,"3.5, 6, 7.5",100 nights
Luxi,Luxi 3-in-1,$250 OFF,1299,Foam,"11""",80 lbs,"3.5, 5.5, 7.5",1000 nights
Luxi,Luxi One,$250 OFF,799,Foam,"9""",79 lbs,4,1000 nights
Lytton Sleep,Serene Mattress,$300 OFF,$1299*,Hybrid,"13""",110 lbs,5.5,100 nights
Lytton Sleep,Serene Plus,$300 OFF,$1499*,Hybrid,"13""",115 lbs,7,100 nights
Molecule,Molecule 1,$200 OFF,949,Foam,"12.25""",87 lbs.,4.5,100 nights
Molecule,Molecule 2,$200 OFF,1499,Foam,"12.25""",87 lbs,5.5,100 nights
Morphiis,Morphiis Customizable Mattress,$100 OFF,995,Foam,"11""",78.5 lbs,Varies (customizable),100 nights
Muse,,BUY NOW,900,Foam,"12""",N/A,,120 nights
Muse,Muse Mattress,$75 OFF,950,Foam,"12""",91 lbs.,"5, 6, 7.5",120 nights
My Green Mattress,Hope Latex Mattress,$125 OFF,1299,Latex,"8""",100 lbs.,6,100 nights
Nature's Sleep,,$250 OFF,$1300*,Foam,"8-13""",50-135 lbs,,None
Naturepedic,Chorus,BUY NOW,1999,Hybrid,"10""",N/A,6.5,30 nights
Naturepedic,Luxury Series,BUY NOW,$4999*,Hybrid,"10"" - 16""",N/A,,120 nights
Naturepedic,EOS Classic and EOS Pillow Top,BUY NOW,$2999*,Hybrid,"12-15""",N/A,Varies by model,90 nights
Naturepedic,Essentials,BUY NOW,2599,Hybrid,"12""",N/A,"4, 5.5, 6, 7, 8",None
Naturepedic,Serenade,BUY NOW,2499,Hybrid,"11""",,"6, 7.5",30 nights
Naturepedic,Trilux and Vegan,BUY NOW,3499,Latex,"10""",,"3.5, 5, 6, 7.5",90 nights
Nectar,Nectar Lush,$100 OFF,1399,Foam,"12""",94 lbs (Queen),5.5,365 nights
Nest Bedding,Alexander,$100 OFF,1199,Foam,"12.5""",N/A,"5.5, 7.5",Lifetime (50% exchanges after 100 nights)
Nest Bedding,Alexander Hybrid,$100 OFF,1199,Hybrid,"13.5""",N/A,"3, 5.5, 7.5",Lifetime (50% exchanges after 100 nights)
Nest Bedding,Alexander Hybrid Luxury Contour,$150 OFF,1599,Hybrid,"11.5""",,5.5,Lifetime (50% exchanges after 100 nights)
Nest Bedding,Alexander Signature Series Flippable,0.08,1299,Foam,"14""",80 lbs.,"Side 1: 5.5, Side 2: 7.5",Lifetime (50% exchanges after 100 nights)
Nest Bedding,Nest Bedding Latex Mattress,BUY NOW,$1699*,Latex,"9"" (No Topper), 12"" (Topper)",,"4, 5.5, 7.5",Lifetime (50% exchanges after 100 nights)
Nest Bedding,Love and Sleep,8% OFF,699,Foam,"11""",N/A,"5.5, 7.5",Lifetime (50% exchanges after 100 nights)
Nest Bedding,Natural Hybrid Latex,$100 OFF,1499,Hybrid,"13""",,"3, 5.5, 7.5",Lifetime (50% exchanges after 100 nights)
Nest Bedding,Organic Hybrid Latex,0.08,3299,Hybrid,"12""",,"3,5.5,7.5",Lifetime (50% exchanges after 100 nights)
Nighslee,Nighslee 10-Inch Cool Gel Memory Foam Mattress,10% OFF,405,Foam,"10""",66.5 lbs.,5.5,100 nights
Nolah,Nolah Signature,$300 OFF,1499,Foam,"12""",86 lbs,"Side 1: 4, Side 2: 7",120 nights
Noomi,,$100 OFF,875,Foam,"10""",80 lbs,5,101 nights
Novaform,Foam,BUY NOW,$600*,Foam,"12""-14""",96.1lbs,Varies,Varies by Retailer
Nuvanna,Nuvanna Mattress,$125 OFF,$890*,Foam,"10""",77 lbs.,6,90 nights
OkiOki,OkiEasy,$50 OFF,500,Hybrid,"11""",96 lbs.,6,365 nights
OkiOki,OkiFirm,$50 OFF,500,Foam,"10""",64 lbs.,8,365 nights
OkiOki,OkiFlex,$50 OFF,500,Hybrid,"11""",93 lbs.,7,365 nights
OkiOki,OkiSoft,$50 OFF,500,Foam,"10""",59 lbs.,5,365 nights
Oso,,$100 OFF,925,Foam,"10""",59 lbs,"4, 7",101 nights
PlushBeds,Luxury Bliss,$100 OFF,$1399*,Latex,"12""",Varies,5.5,100 nights
PlushBeds,Natural Bliss,$100 OFF,$1299*,Latex,"6""-10""",Varies,"3.5, 5.5, 6, 7.5",100 nights
Polysleep,Polysleep Mattress,$100 OFF,650,Foam,"10""",62 lbs.,5.5,100 nights
Puffy,Puffy Lux Mattress,$300 OFF,1595,Foam,"12""",75 lbs,6,101 nights
Puffy,Puffy Royal,$300 OFF,2695,Foam,"14""",80 lbs.,5.5,101 nights
Qomfort,,BUY NOW,549,Foam,"10""",68 lbs,6,100 nights
Real Sleep,Real Sleep,BUY NOW,1095,Foam,"10""",79 lbs,6.5,100 nights
Resort Sleep,,$50 OFF,999,Foam,"10""",70lbs,,N/A
Restonic,Brio,BUY NOW,N/A,Foam,N/A,N/A,,None
Restonic,,BUY NOW,N/A,Innerspring,N/A,N/A,,None
Restonic,Hybrid Signature,BUY NOW,N/A,Hybrid,N/A,N/A,,None
Restonic,HealthRest Latex,BUY NOW,N/A,Latex,N/A,N/A,,None
Restonic,HealthRest TempaGel,BUY NOW,N/A,Foam,N/A,N/A,,None
Reverie,Dream Hybrid II,BUY NOW,1999,Hybrid,"10""",N/A,"4,6,7",None
Reverie,Dream Supreme I Natural,BUY NOW,3149,Hybrid,"11""",N/A,"4,6,7",None
Reverie,Dream Supreme II Hybrid,BUY NOW,3499,Hybrid,"12""",N/A,"4,6,7",None
Reverie,Dream Supreme II Natural,BUY NOW,3499,Hybrid,"12""",N/A,"4,6,7",None
Rivet,Rivet Mattress,BUY NOW,499,Foam,"10""",66 lbs.,6.5,100 nights
Rubix,Rubix,20% OFF,1249,Hybrid,"14.5""",110 lbs.,Multiple firmness options,120 nights
Saatva HD,Saatva HD,$200 OFF,2499,Innerspring,"15.5""",135 lbs.,7,120 nights
Sealy Essentials,Essentials - Conform Line,BUY NOW,699,Foam,N/A,N/A,"3.5,5,6.5",Varies by Seller
Sealy Essentials,Essentials - Response Line,BUY NOW,499,Innerspring,"8.5-13""",N/A,"3.5,5,6.5",Varies by Seller
Sealy,House Brand,BUY NOW,$330*,Innerspring,"8.5""-11.5""",Avg 60 lbs,,None
Sealy Optimum,Optimum - Brassword,BUY NOW,2125,Latex,"12""",104 lbs,,None
Sealy Optimum,Optimum - Destiny Gold,BUY NOW,875,Foam,"10""",58 lbs,,None
Sealy Optimum,Optimum - Dreams,BUY NOW,1375,Latex,"10""",73 lbs,,None
Sealy Optimum,Optimum - Elation Gold,BUY NOW,1900,Foam,"13""",98 lbs,,None
Sealy Optimum,Optimum - Inspiration Gold,BUY NOW,1400,Foam,"12""",80 lbs,"3, 6",None
Sealy Optimum,Optimum - Meadow Crest,BUY NOW,1625,Latex,"11""",79 lbs,,None
Sealy Optimum,Optimum - Newness,BUY NOW,2625,Latex,"13""",103 lbs,,None
Sealy Optimum,Optimum - Radiance Gold,BUY NOW,1100,Foam,"11""",76 lbs,,None
Sealy Posturepedic,Performance - Conform Line,BUY NOW,1249,Foam,N/A,N/A,"3.5,5,6.5",Varies by Seller
Sealy Posturepedic,Performance - Response Line,BUY NOW,699,Innerspring,"11.5-14""",N/A,"3.5,5,6.5",Varies by Seller
Sealy Posturepedic,Posturpedic,BUY NOW,$400*,Innerspring,"9.75-14""",Avg 75 lbs,4,None
Sealy Posturepedic,Posturpedic Hybrid,BUY NOW,$1000*,Hybrid,"10.5-14.5""",Avg 105 lbs,4,None
Sealy Posturepedic,Posturpedic Plus,BUY NOW,$540*,Innerspring,"11-16""",Avg 80 lbs,5,None
Sealy Posturepedic,Premium - Conform Line,BUY NOW,2099,Foam,N/A,N/A,"3,6.5",Varies by Seller
Sealy Posturepedic,Premium - Response Line,BUY NOW,1499,Innerspring,"13-16""",NA,"3.5,5,7.5",Varies by Seller
Serta iComfort,iComfort Blue Series,BUY NOW,$1099*,Foam,"9.75""-14""",95 lbs,,120 nights
Serta iComfort,Icomfort hybrid,BUY NOW,$1074*,"Hybrid, Innerspring and Foam","12""-16""",110 lbs,,120 nights
Serta iSeries,Iseries,BUY NOW,$1300*,Hybrid,"13""-16.5""",110 lbs,4,120 nights
Serta,Caledonian Plush and Molenda Luxe Firm,BUY NOW,$799*,Foam,"9""-10""",N/A,,45 nights
Serta,Perfect sleeper,BUY NOW,$350*,Hybrid,"9""-15""",90 lbs,,45 nights
Serta,Sertapedic,BUY NOW,$312*,Hybrid,"5""-11.5""",85 lbs,,120 nights
Signature Sleep,"10"" Mem Foam",BUY NOW,N/A,Foam,"10""",58 lbs,Varies,None
Signature Sleep,"10"" Spring",BUY NOW,N/A,Innerspring,"10""",92 lbs,Varies,None
Signature Sleep,"12"" Mem Foam",BUY NOW,N/A,Foam,"12""",68.2 lbs,Varies,None
Signature Sleep,"12"" Spring",BUY NOW,N/A,Innerspring,"12""",N/A,Varies,None
Signature Sleep,"13""-14"" Spring",BUY NOW,N/A,Innerspring,"13""-14""",N/A,Varies,None
Signature Sleep,"6"" Mem Foam",BUY NOW,N/A,Foam,"6""",33.4 lbs,Varies,None
Signature Sleep,"6"" Spring",BUY NOW,N/A,Innerspring,"6""",26.4 lbs,Varies,None
Signature Sleep,"8"" Mem Foam",BUY NOW,N/A,Foam,"8""",44 lbs,Varies,None
Signature Sleep,"8"" Spring",BUY NOW,N/A,Innerspring,"8""",68.2 lbs,Varies,None
Simba,Simba Hybrid Mattress,BUY NOW,749,Hybrid,"9.75""",90 lbs.,6.5,100 nights
Simmons,Beauty Sleep,BUY NOW,$359*,Innerspring,"10""-13.5""",Varies,,None
Beautyrest Black,Beautyrest Black,BUY NOW,$2099*,Innerspring,"14.5""",,5.5,100 nights
Tempur-Pedic,Mariela (Black),BUY NOW,$2599*,Innerspring,Varies,114 lbs.,"3.5, 6, 7.5",None
Beautyrest Black,Beautyrest Recharge World Class,BUY NOW,$1499*,Innerspring,"13-16""",Varies,,None
Beautyrest Black,Beautyrest Platinum Hybrid,BUY NOW,$2499*,Hybrid,"14.5-15.5""",Varies,,None
Beautyrest Black,Beautyrest Recharge,BUY NOW,$799*,Innerspring,"11-15.5""",Varies,,None
Beautyrest Black,Beautyrest Recharge Hybrid,BUY NOW,$1499*,Hybrid,"12.5-14""",Varies,,None
Sleep EZ,Luxerion Natural Latex Hybrid,BUY NOW,$650*,Latex,"9""",100 lbs,6,90 nights
Sleep EZ,Roma Latex Matress,BUY NOW,$695*,Latex,"9""",120 lbs,Side 1:5 Side 2: 7,90 nights
Sleep EZ,Sleep Select Lifetime Dreams,BUY NOW,$1040*,Latex,"7"", 9"", 10"", 13""",Up to 150 lbs.,"3,5,7,8.5",90 nights
Sleep EZ,Sleep Select Organic,BUY NOW,$1160*,Latex,"7"", 9"", 10"", 13""",Up to 150 lbs.,"3,5,7,8.5",90 nights
Sleep Innovations,Marley,BUY NOW,324,Foam,"10""",72.4lbs,6.5,Varies by retailer
Sleep Innovations,Shiloh,BUY NOW,377,Foam,"12""",80lbs-93.9lbs,5.5,Varies by retailer
Sleep Innovations,Skylar,BUY NOW,550,Foam,"12""",74.2lbs,6.5,Varies by retailer
Sleep Innovations,Taylor,BUY NOW,515,Foam,"12""",73.2lbs,6.5,Varies by retailer
Sleep Innovations,Alden,BUY NOW,601,Foam,"14""",88.9lbs,4.5,Varies by retailer
Sleep Innovations,Sage,BUY NOW,273,Foam,"8""",63.5lbs,6.5,Varies by retailer
Sleep Innovations,Shea,BUY NOW,450,Foam,"10""",69lbs,5.5,Varies by retailer
Sleep Number,"Classic Series (c2, c4)",BUY NOW,$999*,Airbed,"8""-10""",50-65lbs,varies,100 nights
Sleep Number,"Innovation Series (i8, iLE, i10)",BUY NOW,$3199*,Airbed,"13""-15""",90-110 lbs,varies,100 nights
Sleep Number,Sleep Number m7,BUY NOW,3099,Airbed,"11""",90 lbs.,varies,100 nights
Sleep Number,"Performance Series (p5, pSE, p6)",BUY NOW,$2099*,Airbed,"11"" -12""",60-70 lbs,varies,100 nights
Sleep On Latex,Pure Green Low Profile,BUY NOW,595,Latex,"7""",98-120lbs,"3.5, 5.5, 7.5",100 nights
Sleep Science,Latex,BUY NOW,$850*,Latex,"9""-10""",105lbs,Varies,None
Sleep Science,Memory Foam,BUY NOW,$400*,Foam,"8""-13""",87lbs,Varies,None
SleepOvation,SleepOvation Mattress,$50 OFF,1749,Hybrid,"12""",90 lbs,6,100 nights
Snuggle-Pedic,Snuggle-Pedic Mattress,BUY NOW,999,Foam,"10""",71 lbs.,6,120 nights
Sonno,,BUY NOW,875,Foam,"10""",105 lbs,,100 nights
Spindle,Spindle Mattress,$200 OFF,1500,Latex,"10""",150 lbs,"4,5,6,8",365 nights
Spine Align,Luxury Hybrid,$100 OFF,1899,Hybrid,"13.5""",100 lbs.,"3,5,7",100 nights
Spine Align,Rest & Renew,$100 OFF,1199,Hybrid,"11""",100 lbs.,"3,5,7",100 nights
Spoon,Spoon Sleep Mattress,BUY NOW,1100,Foam,"10""",N/A,6.5,100 nights
Spring Air,Hybrid,BUY NOW,$819*,Hybrid,"14-15""",N/A,,None
Spring Air,Innerspring,BUY NOW,$519*,Innerspring,"14""",N/A,"3, 7",None
Spring Air,Latex,BUY NOW,$1099*,Latex,"13"" - 16.5""",N/A,,None
Stearns & Foster,Estate,BUY NOW,1499,Hybrid,"14""- 15.5""",N/A,Varies,None
Stearns & Foster,Lux Hybrid,BUY NOW,2499,Hybrid,"13.5"" - 15""",N/A,Varies,None
Stearns & Foster,Reserve,BUY NOW,3499,Hybrid,"16"" - 17""",N/A,Varies,None
Stearns & Foster,Lux Estate,BUY NOW,2499,Hybrid,"14"" - 16.5""",N/A,Varies,None
Sweet Zzz,Natures Novel Latex Mattress,$50 OFF,1399,Latex,"12""",95 lbs.,7,100 nights
Symbol,Contemporary,$50 OFF,N/A,Varies,N/A,Varies,,N/A
Symbol,Premium,$50 OFF,N/A,Innerspring,N/A,Varies,,N/A
Symbol,Traditional,$50 OFF,N/A,Innerspring,N/A,Varies,,N/A
Tempur-Pedic,TEMPUR-Legacy,BUY NOW,2299,Foam,"10""",73 lbs,4,90 nights
Tempur-Pedic,Tempur-Pedic Cloud,BUY NOW,$3099*,Foam,"11.5""-13.5""",Varies,3,90 nights
Tempur-Pedic,Tempur-Pedic Contour,BUY NOW,$3099*,Foam,"12.5""-13.5""",Varies,7,90 nights
Tempur-Pedic,Flex,BUY NOW,$1999*,Hybrid,"10""-12.5""",Varies,Varies,90 nights
Tempur-Pedic,Tempur-Pedic GrandBed,BUY NOW,7499,Foam,"15""",N/A,4,90 nights
Tempur-Pedic,TEMPUR-Adapt Hybrid,BUY NOW,2199,Hybrid,"11""",96 lbs.,5,90 nights
Tempur-Pedic,TEMPUR-breeze,BUY NOW,4499,Foam,"13""",Varies,"3,7",90 nights
Tempur-Pedic,TEMPUR-LuxeAdapt,BUY NOW,3999,Foam,"13""",94 lbs.,"3,7","USA, El Salvador"
Tempur-Pedic,TEMPUR-PRObreeze,BUY NOW,3799,Foam,"12""","94.8 lbs. (Foam), 123 lbs (Hybrid)",5,90 nights
Tuft & Needle,T&N Mattress,BUY NOW,506,Foam,"10""",72 lbs,6.5,100 nights
Tulo,Tulo Comfort Series,BUY NOW,648,Foam,"10""",75 lbs,"4, 5.5, 7",120 nights
Tulo,Tulo Liv,BUY NOW,490,Foam,"9""",57 lbs,5.5,120 nights
Sleep EZ,Ultra King Latex Mattress,BUY NOW,$5900*,Latex,"10""",N/A,"3,5,7,8",90 nights
Urban Mattress,Silver Lake,BUY NOW,1599,Innerspring,"12.5""",109lbs,,100 nights
Vispring,,BUY NOW,N/A,Innerspring,Varies,Varies,,N/A
Voila,Voila Mattress,10% OFF,1199,Hybrid,"10-12""",130 lbs.,"4,6,8",100 nights
Wright,W.127,BUY NOW,1795,Foam,"11""",85 lbs,6,120 nights
Yaasa,Yaasa Mattress,$50 OFF,1299,Hybrid,"12""",84-86 lbs,"4, 6.5",100 nights
Yaasa,Yaasa ONE Mattress,$50 OFF,899,Hybrid,"10""",71 lbs.,6.5,100 nights
Yogabed,Yogabed Original,BUY NOW,849,Foam,"10""",80 lbs,6.5,101 nights
Yogabed,Unplug Mattress,BUY NOW,595,Foam,"10""",55 lbs.,5,101 nights
Zinus,"10"" Cooling Hybrid Gel Foam",10% OFF,350,Hybrid,"10""",80.7 lbs,6,100 nights
Zinus,"10"" Memory Foam",10% OFF,$277*,Foam,"10""",61.6 lbs (avg,6,100 nights
Zinus,"12"" Cooling Hybrid Gel Foam",10% OFF,380,Hybrid,"12""",91.9 lbs,5,100 nights
Zinus,"12"" iCoil",10% OFF,$246*,Innerspring,"12""",89.2 lbs (avg),5,100 nights
Zinus,"12"" Memory Foam",10% OFF,$307*,Foam,"12""",71.8 lbs (avg),5,100 nights
Zinus,"13"" iCoil",10% OFF,$329*,Innerspring,"13""",93.9 lbs (avg),4,100 nights
Zinus,"14"" Memory Foam",10% OFF,399,Foam,"14""",75.2 lbs,3,100 nights
Zinus,"8"" Memory Foam",10% OFF,$228*,Foam,"8""",48.4 lbs (avg),7,100 nights
Zinus,"10"" iCoil",10% OFF,$230*,Innerspring,"10""",81.9 lbs (avg),6,100 nights
Zinus,"6"" Memory Foam",10% OFF,145,Foam,"6""",28.2 lbs,8,100 nights
Zoma,Zoma Sports Mattress,100,850,Foam,"11""",70 lbs.,5.5,100 nights
Zoned by Brooklyn Bedding,Zoned Mattress,20% OFF,1249,Hybrid,"13""",110 lbs.,5,120 nights
Zotto,Zotto Mattress,$100 OFF,875,Foam,"10""",97 lbs,6.5,100 nights